Mandarin,Pinyin,English,Pinyin/English
的 ,de  ,of ,de  of 
我 ,wǒ  ,i ,wǒ  i 
你 ,nǐ  ,you ,nǐ  you 
了 ,le  ,completion particle,le  completion particle
是 ,shì  ,yes ,shì  yes 
在 ,zài  ,exist ,zài  exist 
他 ,tā  ,he ,tā  he 
我们 ,wǒmen  ,us ,wǒmen  us 
不 ,bù  ,no ,bù  no 
吗 ,ma  ,yes/no question particle,ma  yes/no question particle
好 ,hǎo  ,good ,hǎo  good 
什么 ,shénme  ,what ,shénme  what 
有 ,yǒu  ,have ,yǒu  have 
就 ,jiù  ,at once ,jiù  at once 
吧 ,ba,suggestion particle,ba suggestion particle
她 ,tā  ,she ,tā  she 
这 ,zhè  ,this ,zhè  this 
知道 ,zhīdào  ,know ,zhīdào  know 
说 ,shuō  ,explain ,shuō  explain 
都 ,doū,all ,doūall 
去 ,qù  ,go ,qù  go 
很 ,hěn  ,very ,hěn  very 
啊 ,a  ,ah ,a  ah 
要 ,yào  ,want ,yào  want 
也 ,yě  ,also ,yě  also 
他们 ,tāmen  ,them ,tāmen  them 
和 ,hé  ,and ,hé  and 
那 ,nà  ,that ,nà  that 
想 ,xiǎng  ,think ,xiǎng  think 
人 ,rén  ,people ,rén  people 
会 ,huì  ,meeting ,huì  meeting 
一个 ,yīgè  ,one ,yīgè  one 
来 ,lái  ,come ,lái  come 
把 ,bǎ  ,preposition marking the object of an action,bǎ  preposition marking the object of an action
对 ,duì  ,correct,duì  correct
没有 ,méiyǒu  ,no ,méiyǒu  no 
做 ,zuò  ,do ,zuò  do 
不是 ,bùshì  ,no ,bùshì  no 
让 ,ràng  ,let ,ràng  let 
给 ,gěi  ,give ,gěi  give 
可以 ,kěyǐ  ,can ,kěyǐ  can 
你们 ,nǐmen  ,you ,nǐmen  you 
呢 ,ne  ,question particle,ne  question particle
但 ,dàn  ,but ,dàn  but 
到 ,dào  ,arrive ,dào  arrive 
还 ,huán  ,return ,huán  return 
现在 ,xiànzài  ,now ,xiànzài  now 
这个 ,zhège  ,this ,zhège  this 
能 ,néng  ,able ,néng  able 
怎么 ,zěnme  ,how ,zěnme  how 
就是 ,jiùshì  ,that is ,jiùshì  that is 
跟 ,gēn  ,and ,gēn  and 
如果 ,rúguǒ  ,if ,rúguǒ  if 
没 ,méi  ,without ,méi  without 
它 ,tā  ,it ,tā  it 
走 ,zǒu  ,walk ,zǒu  walk 
上 ,shàng  ,above,shàng  above
得 ,dé  ,have to ,dé  have to 
被 ,bèi  ,quilt ,bèi  quilt 
这里 ,zhèlǐ  ,here ,zhèlǐ  here 
这样 ,zhèyàng  ,this way,zhèyàng  this way
看 ,kàn  ,look ,kàn  look 
事 ,shì  ,thing,shì  thing
自己 ,zìjǐ  ,self,zìjǐ  self
着 ,zhe  ,with,zhe  with
谁 ,shéi  ,who ,shéi  who 
过 ,guò  ,pass ,guò  pass 
不会 ,bùhuì  ,won't ,bùhuì  won't 
告诉 ,gàosu  ,tell ,gàosu  tell 
为什么 ,wèishénme  ,why ,wèishénme  why 
不能 ,bùnéng  ,cannot ,bùnéng  cannot 
真的 ,zhēnde  ,real ,zhēnde  real 
先生 ,xiānsheng  ,gentlemen ,xiānsheng  gentlemen 
只是 ,zhǐshì  ,only ,zhǐshì  only 
不要 ,bùyào  ,don't want ,bùyào  don't want 
这是 ,zhèshì  ,this is ,zhèshì  this is 
已经 ,yǐjīng  ,already ,yǐjīng  already 
再 ,zài  ,again ,zài  again 
哦 ,ó  ,oh ,ó  oh 
需要 ,xūyào  ,need ,xūyào  need 
因为 ,yīnwèi  ,because ,yīnwèi  because 
谢谢 ,xièxie  ,thanks ,xièxie  thanks 
像 ,xiàng  ,picture ,xiàng  picture 
这么 ,zhème  ,so,zhème  so
可能 ,kěnéng  ,possible ,kěnéng  possible 
但是 ,dànshì  ,but ,dànshì  but 
那个 ,nàgè  ,that ,nàgè  that 
所以 ,suǒyǐ  ,so ,suǒyǐ  so 
喜欢 ,xǐhuan  ,like ,xǐhuan  like 
又 ,yòu  ,again ,yòu  again 
叫 ,jiào  ,call ,jiào  call 
快 ,kuài  ,quick ,kuài  quick 
我要 ,wǒyào  ,i want ,wǒyào  i want 
觉得 ,juéde  ,feel ,juéde  feel 
别 ,bié  ,don't ,bié  don't 
听 ,tīng  ,listen ,tīng  listen 
找 ,zhǎo  ,try to find ,zhǎo  try to find 
里 ,lǐ  ,inside ,lǐ  inside 
还有 ,háiyǒu  ,besides ,háiyǒu  besides 
时候 ,shíhou  ,when ,shíhou  when 
东西 ,dōngxi  ,thing ,dōngxi  thing 
等 ,děng  ,wait ,děng  wait 
死 ,sǐ  ,die ,sǐ  die 
多 ,duō  ,many ,duō  many 
从 ,cóng  ,from ,cóng  from 
我会 ,wǒhuì  ,i can ,wǒhuì  i can 
一起 ,yīqǐ  ,together ,yīqǐ  together 
应该 ,yīnggāi  ,should ,yīnggāi  should 
我們 ,wǒmen  ,we ,wǒmen  we 
这些 ,zhèxiē  ,these ,zhèxiē  these 
请 ,qǐng  ,please ,qǐng  please 
孩子 ,háizi  ,child ,háizi  child 
看到 ,kàndào  ,see ,kàndào  see 
一下 ,yīxià  ,one time ,yīxià  one time 
那么 ,nàme  ,so ,nàme  so 
为 ,wéi  ,for ,wéi  for 
嗎 ,ma  ,?,ma  ?
而 ,ér  ,and ,ér  and 
您 ,nín  ,you ,nín  you 
才 ,cái  ,talent ,cái  talent 
用 ,yòng  ,use ,yòng  use 
还是 ,háishi  ,still ,háishi  still 
嗯 ,en  ,um ,en  um 
问题 ,wèntí  ,question ,wèntí  question 
工作 ,gōngzuò  ,work ,gōngzuò  work 
一样 ,yīyàng  ,same ,yīyàng  same 
呀 ,ya  ,ah ,ya  ah 
开始 ,kāishǐ  ,start ,kāishǐ  start 
吃 ,chī  ,eat ,chī  eat 
嘿 ,hēi  ,hey ,hēi  hey 
当 ,dāng  ,when ,dāng  when 
真 ,zhēn  ,real ,zhēn  real 
中 ,zhōng  ,middle ,zhōng  middle 
然后 ,ránhòu  ,then ,ránhòu  then 
看看 ,kànkan  ,have a look ,kànkan  have a look 
說 ,shuō  ,say ,shuō  say 
地方 ,dìfāng  ,place ,dìfāng  place 
一定 ,yīdìng  ,must ,yīdìng  must 
将 ,jiàng  ,will ,jiàng  will 
希望 ,xīwàng  ,hope ,xīwàng  hope 
朋友 ,péngyou  ,friend ,péngyou  friend 
今天 ,jīntiān  ,today ,jīntiān  today 
拿 ,ná  ,take ,ná  take 
一 ,yī  ,one ,yī  one 
啦 ,lā  ,la,lā  la
事情 ,shìqing  ,matter ,shìqing  matter 
一直 ,yīzhí  ,always ,yīzhí  always 
所有 ,suǒyǒu  ,all ,suǒyǒu  all 
找到 ,zhǎodào  ,turn up ,zhǎodào  turn up 
什麼 ,shénme  ,what ,shénme  what 
哪 ,nǎ  ,where ,nǎ  where 
当然 ,dāngrán  ,certainly ,dāngrán  certainly 
们 ,men  ,them,men  them
回来 ,huílai  ,return ,huílai  return 
不想 ,bùxiǎng  ,in no mood ,bùxiǎng  in no mood 
更 ,gēng  ,even ,gēng  even 
最 ,zuì  ,most ,zuì  most 
帮 ,bāng  ,help ,bāng  help 
没事 ,méishì  ,fine ,méishì  fine 
只 ,zhǐ  ,only ,zhǐ  only 
那些 ,nàxiē  ,those ones ,nàxiē  those ones 
可 ,kě  ,can ,kě  can 
明白 ,míngbai  ,clear ,míngbai  clear 
的话 ,dehuà  ,words,dehuà  words
爸爸 ,bàba  ,dad ,bàba  dad 
下 ,xià  ,down ,xià  down 
太 ,tài  ,too ,tài  too 
离开 ,líkāi  ,leave ,líkāi  leave 
一切 ,yīqiè  ,everything ,yīqiè  everything 
时间 ,shíjiān  ,time ,shíjiān  time 
相信 ,xiāngxìn  ,believe ,xiāngxìn  believe 
妈妈 ,māma  ,mother ,māma  mother 
想要 ,xiǎngyào  ,want to ,xiǎngyào  want to 
爱 ,ài  ,like ,ài  like 
打 ,dǎ  ,beat ,dǎ  beat 
点 ,diǎn  ,point ,diǎn  point 
來 ,lái  ,come ,lái  come 
钱 ,qián  ,money ,qián  money 
大 ,dà  ,big ,dà  big 
起来 ,qǐlai  ,stand up ,qǐlai  stand up 
真是 ,zhēnshi  ,really,zhēnshi  really
你好 ,nǐhǎo  ,hello ,nǐhǎo  hello 
抱歉 ,bàoqiàn  ,feel sorry ,bàoqiàn  feel sorry 
必须 ,bìxū  ,must ,bìxū  must 
认为 ,rènwéi  ,think ,rènwéi  think 
一点 ,yīdiǎn  ,a little ,yīdiǎn  a little 
非常 ,fēicháng  ,very ,fēicháng  very 
那里 ,nàli  ,there ,nàli  there 
对不起 ,duìbuqǐ  ,sorry ,duìbuqǐ  sorry 
天 ,tiān  ,sky ,tiān  sky 
也许 ,yěxǔ  ,maybe ,yěxǔ  maybe 
大家 ,dàjiā  ,everyone ,dàjiā  everyone 
哪里 ,nǎlǐ  ,where ,nǎlǐ  where 
有人 ,yǒurén  ,someone,yǒurén  someone
该 ,gāi  ,should ,gāi  should 
意思 ,yìsi  ,mean ,yìsi  mean 
杀 ,shā  ,kill ,shā  kill 
准备 ,zhǔnbèi  ,prepare ,zhǔnbèi  prepare 
并 ,bìng  ,and ,bìng  and 
出来 ,chūlái  ,come out ,chūlái  come out 
与 ,yǔ  ,and ,yǔ  and 
时 ,shí  ,hour ,shí  hour 
不过 ,bùguò  ,but ,bùguò  but 
一些 ,yīxiē  ,some ,yīxiē  some 
为了 ,wèile  ,for ,wèile  for 
带 ,dài  ,bring ,dài  bring 
女人 ,nǚrén  ,woman ,nǚrén  woman 
这儿 ,zhèr  ,here,zhèr  here
后 ,hòu  ,back ,hòu  back 
只有 ,zhǐyǒu  ,only ,zhǐyǒu  only 
过来 ,guòlái  ,come over ,guòlái  come over 
比 ,bǐ  ,compare ,bǐ  compare 
一次 ,yīcì  ,once ,yīcì  once 
得到 ,dédào  ,get ,dédào  get 
и ,и  ,и,и  и
很多 ,hěnduō  ,a lot of ,hěnduō  a lot of 
任何 ,rènhé  ,any ,rènhé  any 
这种 ,zhèzhǒng  ,this kind of,zhèzhǒng  this kind of
小 ,xiǎo  ,small ,xiǎo  small 
怎么样 ,zěnmeyàng  ,how about it ,zěnmeyàng  how about it 
對 ,duì  ,right ,duì  right 
感觉 ,gǎnjué  ,feel ,gǎnjué  feel 
年 ,nián  ,year ,nián  year 
是不是 ,shìbùshì  ,yes or no ,shìbùshì  yes or no 
以为 ,yǐwéi  ,think ,yǐwéi  think 
而且 ,érqiě  ,and ,érqiě  and 
前 ,qián  ,forward ,qián  forward 
生活 ,shēnghuó  ,life ,shēnghuó  life 
男人 ,nánrén  ,man ,nánrén  man 
之前 ,zhīqián  ,before ,zhīqián  before 
喂 ,wèi  ,hello ,wèi  hello 
问 ,wèn  ,ask ,wèn  ask 
发现 ,fāxiàn  ,discover ,fāxiàn  discover 
噢 ,ō  ,oh ,ō  oh 
可是 ,kěshì  ,but ,kěshì  but 
快点 ,kuàidiǎn  ,hurry up ,kuàidiǎn  hurry up 
嗨 ,hāi  ,hi ,hāi  hi 
妈 ,mā  ,mom ,mā  mom 
两个 ,liǎnggè  ,two ,liǎnggè  two 
不用 ,bùyòng  ,need not ,bùyòng  need not 
地 ,dì  ,land ,dì  land 
向 ,xiàng  ,towards ,xiàng  towards 
名字 ,míngzì  ,name ,míngzì  name 
没错 ,méicuò  ,that's right,méicuò  that's right
见 ,jiàn  ,see ,jiàn  see 
世界 ,shìjiè  ,world ,shìjiè  world 
沒 ,méi  ,not ,méi  not 
记得 ,jìde  ,remember ,jìde  remember 
住 ,zhù  ,live ,zhù  live 
新 ,xīn  ,new ,xīn  new 
不错 ,bùcuò  ,good ,bùcuò  good 
肯定 ,kěndìng  ,affim ,kěndìng  affim 
最好 ,zuìhǎo  ,best,zuìhǎo  best
不行 ,bùxíng  ,no ,bùxíng  no 
等等 ,děngděng  ,wait ,děngděng  wait 
嘛 ,ma  ,well,ma  well
出去 ,chūqù  ,go out ,chūqù  go out 
么 ,me  ,what?,me  what?
先 ,xiān  ,first ,xiān  first 
為 ,wéi  ,for ,wéi  for 
亲爱 ,qīnài  ,dear,qīnài  dear
或 ,huò  ,or ,huò  or 
担心 ,dānxīn  ,worry ,dānxīn  worry 
如何 ,rúhé  ,how ,rúhé  how 
到底 ,dàodǐ  ,in the end ,dàodǐ  in the end 
有点 ,yǒudiǎn  ,a bit,yǒudiǎn  a bit
最后 ,zuìhòu  ,at last ,zuìhòu  at last 
小姐 ,xiǎojie  ,miss ,xiǎojie  miss 
上帝 ,shàngdì  ,god,shàngdì  god
认识 ,rènshi  ,know ,rènshi  know 
會 ,huì  ,can ,huì  can 
正在 ,zhèngzài  ,are,zhèngzài  are
那样 ,nàyàng  ,that way,nàyàng  that way
父亲 ,fùqīn  ,father ,fùqīn  father 
高兴 ,gāoxìng  ,happy ,gāoxìng  happy 
明天 ,míngtiān  ,tomorrow ,míngtiān  tomorrow 
重要 ,zhòngyào  ,important ,zhòngyào  important 
跑 ,pǎo  ,run ,pǎo  run 
警察 ,jǐngchá  ,police ,jǐngchá  police 
只要 ,zhǐyào  ,if only ,zhǐyào  if only 
干什么 ,gànshénme  ,what to do,gànshénme  what to do
好像 ,hǎoxiàng  ,like ,hǎoxiàng  like 
再见 ,zàijiàn  ,goodbye ,zàijiàn  goodbye 
月 ,yuè  ,moon ,yuè  moon 
我能 ,wǒnéng  ,i can,wǒnéng  i can
继续 ,jìxù  ,continue ,jìxù  continue 
出 ,chū  ,out ,chū  out 
今晚 ,jīnwǎn  ,tonight ,jīnwǎn  tonight 
他妈的 ,tāmāde  ,damn it ,tāmāde  damn it 
回家 ,huíjiā  ,go home ,huíjiā  go home 
它们 ,tāmen  ,them,tāmen  them
多少 ,duōshǎo  ,how many ,duōshǎo  how many 
电话 ,diànhuà  ,telephone ,diànhuà  telephone 
听到 ,tīngdào  ,hear,tīngdào  hear
干嘛 ,gànmá  ,what ,gànmá  what 
干 ,gān  ,dry ,gān  dry 
医生 ,yīshēng  ,doctor ,yīshēng  doctor 
要是 ,yàoshi  ,if,yàoshi  if
女孩 ,nǚhái  ,girl ,nǚhái  girl 
這 ,zhè  ,this ,zhè  this 
所 ,suǒ  ,place ,suǒ  place 
讓 ,ràng  ,let ,ràng  let 
马上 ,mǎshàng  ,immediately ,mǎshàng  immediately 
过去 ,guòqu  ,past ,guòqu  past 
以前 ,yǐqián  ,before ,yǐqián  before 
儿子 ,érzi  ,son ,érzi  son 
哪儿 ,nǎr  ,where,nǎr  where
说话 ,shuōhuà  ,say ,shuōhuà  say 
买 ,mǎi  ,purchase ,mǎi  purchase 
看起来 ,kànqǐlai  ,it seems,kànqǐlai  it seems
一個 ,yīgè  ,one,yīgè  one
完全 ,wánquán  ,completely ,wánquán  completely 
该死 ,gāisǐ  ,damn it,gāisǐ  damn it
美国 ,měiguó  ,usa ,měiguó  usa 
怎样 ,zěnyàng  ,how,zěnyàng  how
回去 ,huíqu  ,go back ,huíqu  go back 
以 ,yǐ  ,by ,yǐ  by 
却 ,què  ,but ,què  but 
其他 ,qítā  ,other ,qítā  other 
永远 ,yǒngyuǎn  ,forever ,yǒngyuǎn  forever 
家伙 ,jiāhuo  ,guy,jiāhuo  guy
之后 ,zhīhòu  ,after ,zhīhòu  after 
怎麼 ,zěnme  ,how,zěnme  how
看见 ,kànjiàn  ,see,kànjiàn  see
或者 ,huòzhě  ,or ,huòzhě  or 
小心 ,xiǎoxīn  ,careful ,xiǎoxīn  careful 
行 ,xíng  ,ok ,xíng  ok 
别人 ,biéren  ,others,biéren  others
成为 ,chéngwéi  ,become,chéngwéi  become
写 ,xiě  ,write ,xiě  write 
不到 ,bùdào  ,less than,bùdào  less than
情况 ,qíngkuàng  ,condition ,qíngkuàng  condition 
送 ,sòng  ,deliver ,sòng  deliver 
伙计 ,huǒji  ,man,huǒji  man
一天 ,yītiān  ,one day ,yītiān  one day 
玩 ,wán  ,play ,wán  play 
见到 ,jiàndào  ,see,jiàndào  see
放 ,fàng  ,put ,fàng  put 
晚上 ,wǎnshàng  ,night ,wǎnshàng  night 
喝 ,hē  ,drink ,hē  drink 
总是 ,zǒngshì  ,always ,zǒngshì  always 
好好 ,hǎohǎo  ,well ,hǎohǎo  well 
琌 ,琌  ,琌,琌  琌
号 ,hào  ,number ,hào  number 
如此 ,rúcǐ  ,in this way ,rúcǐ  in this way 
家 ,jiā  ,home ,jiā  home 
坐 ,zuò  ,sit ,zuò  sit 
了解 ,liǎojiě  ,learn ,liǎojiě  learn 
有没有 ,yǒuméiyǒu  ,is there any,yǒuméiyǒu  is there any
兄弟 ,xiōngdì  ,brother ,xiōngdì  brother 
没什么 ,méishénme  ,nothing ,méishénme  nothing 
我来 ,wǒlái  ,i'll come,wǒlái  i'll come
结束 ,jiéshù  ,finish ,jiéshù  finish 
机会 ,jīhuì  ,chance ,jīhuì  chance 
已 ,yǐ  ,already ,yǐ  already 
安全 ,ānquán  ,safety ,ānquán  safety 
拜托 ,bàituō  ,please,bàituō  please
决定 ,juédìng  ,decide ,juédìng  decide 
穿 ,chuān  ,wear ,chuān  wear 
确定 ,quèdìng  ,sure ,quèdìng  sure 
里面 ,lǐmiàn  ,in ,lǐmiàn  in 
呃 ,è  ,well ,è  well 
怎么办 ,zěnmebàn  ,what to do ,zěnmebàn  what to do 
还好 ,háihǎo  ,fine ,háihǎo  fine 
无法 ,wúfǎ  ,unable,wúfǎ  unable
小时 ,xiǎoshí  ,hour ,xiǎoshí  hour 
站 ,zhàn  ,stand ,zhàn  stand 
清楚 ,qīngchu  ,clear ,qīngchu  clear 
错 ,cuò  ,wrong ,cuò  wrong 
這個 ,zhège  ,this ,zhège  this 
帮助 ,bāngzhù  ,help ,bāngzhù  help 
长官 ,zhǎngguān  ,sir,zhǎngguān  sir
公司 ,gōngsī  ,company ,gōngsī  company 
打电话 ,dǎdiànhuà  ,call up ,dǎdiànhuà  call up 
房子 ,fángzi  ,house ,fángzi  house 
根本 ,gēnběn  ,fundamental,gēnběn  fundamental
懂 ,dǒng  ,understand ,dǒng  understand 
办法 ,bànfǎ  ,method,bànfǎ  method
不管 ,bùguǎn  ,in spite of ,bùguǎn  in spite of 
混蛋 ,húndàn  ,asshole ,húndàn  asshole 
关于 ,guānyú  ,about ,guānyú  about 
搞 ,gǎo  ,do,gǎo  do
计划 ,jìhuà  ,plan ,jìhuà  plan 
唯一 ,wéiyī  ,only ,wéiyī  only 
来说 ,láishuō  ,let’s talk,láishuō  let’s talk
女儿 ,nǚér  ,daughter ,nǚér  daughter 
看着 ,kànzhe  ,watching,kànzhe  watching
宝贝 ,bǎobèi  ,baby ,bǎobèi  baby 
每个 ,měige  ,each,měige  each
怎么回事 ,zěnmehuíshì  ,what's going on,zěnmehuíshì  what's going on
個 ,gè  ,piece ,gè  piece 
其实 ,qíshí  ,actually ,qíshí  actually 
漂亮 ,piàoliang  ,pretty ,piàoliang  pretty 
黑体 ,hēitǐ  ,black body,hēitǐ  black body
這樣 ,zhèyàng  ,this way,zhèyàng  this way
车 ,chē  ,car ,chē  car 
人们 ,rénmen  ,people,rénmen  people
真正 ,zhēnzhèng  ,real ,zhēnzhèng  real 
甚至 ,shènzhì  ,even ,shènzhì  even 
那边 ,nàbian  ,over there,nàbian  over there
弄 ,nòng  ,alley ,nòng  alley 
开 ,kāi  ,open ,kāi  open 
不好 ,bùhǎo  ,not good ,bùhǎo  not good 
喔 ,ō  ,oh ,ō  oh 
回 ,huí  ,return,huí  return
进来 ,jìnlái  ,come in ,jìnlái  come in 
裏 ,lǐ  ,inside,lǐ  inside
夫人 ,fūren  ,madam,fūren  madam
之 ,zhī  ,of ,zhī  of 
ぃ ,ぃ  ,ぃ,ぃ  ぃ
愿意 ,yuànyì  ,willing ,yuànyì  willing 
麻烦 ,máfan  ,trouble ,máfan  trouble 
睡 ,shuì  ,sleep ,shuì  sleep 
哇 ,wā  ,wow ,wā  wow 
就要 ,jiùyào  ,want,jiùyào  want
打算 ,dǎsuàn  ,intend ,dǎsuàn  intend 
完 ,wán  ,over ,wán  over 
故事 ,gùshi  ,story ,gùshi  story 
一种 ,yīzhǒng  ,a sort of ,yīzhǒng  a sort of 
害怕 ,hàipà  ,fear ,hàipà  fear 
救 ,jiù  ,save,jiù  save
手 ,shǒu  ,hand ,shǒu  hand 
房间 ,fángjiān  ,room ,fángjiān  room 
由 ,yóu  ,depend on ,yóu  depend on 
後 ,hòu  ,back ,hòu  back 
那儿 ,nàr  ,there,nàr  there
衣服 ,yīfú  ,clothing ,yīfú  clothing 
枪 ,qiāng  ,gun,qiāng  gun
母亲 ,mǔqīn  ,mother ,mǔqīn  mother 
另 ,lìng  ,other ,lìng  other 
下来 ,xiàlai  ,come down,xiàlai  come down
听说 ,tīngshuō  ,heard,tīngshuō  heard
不了 ,buliǎo  ,no more,buliǎo  no more
注意 ,zhùyì  ,notice ,zhùyì  notice 
改变 ,gǎibiàn  ,change ,gǎibiàn  change 
这次 ,zhècì  ,this time ,zhècì  this time 
這是 ,zhèshì  ,this is,zhèshì  this is
没关系 ,méiguānxi  ,it doesn't matter ,méiguānxi  it doesn't matter 
接受 ,jiēshòu  ,accept ,jiēshòu  accept 
妻子 ,qīzi  ,wife ,qīzi  wife 
老 ,lǎo  ,old ,lǎo  old 
失去 ,shīqù  ,lose ,shīqù  lose 
回到 ,huídào  ,return to,huídào  return to
們 ,men  ,them,men  them
以后 ,yǐhòu  ,after ,yǐhòu  after 
话 ,huà  ,talk ,huà  talk 
是否 ,shìfǒu  ,whether ,shìfǒu  whether 
疯 ,fēng  ,crazy,fēng  crazy
生命 ,shēngmìng  ,life ,shēngmìng  life 
她们 ,tāmen  ,them,tāmen  them
忙 ,máng  ,busy ,máng  busy 
进去 ,jìnqù  ,go in,jìnqù  go in
抓 ,zhuā  ,grasp ,zhuā  grasp 
女士 ,nǚshì  ,miss ,nǚshì  miss 
原因 ,yuányīn  ,reason ,yuányīn  reason 
刚才 ,gāngcái  ,just now ,gāngcái  just now 
保护 ,bǎohù  ,protect ,bǎohù  protect 
是因为 ,shìyīnwéi  ,it's because,shìyīnwéi  it's because
选择 ,xuǎnzé  ,choose ,xuǎnzé  choose 
妳 ,nǐ  ,you ,nǐ  you 
几个 ,jǐge  ,several,jǐge  several
笑 ,xiào  ,laugh,xiào  laugh
关系 ,guānxi  ,relation ,guānxi  relation 
从来 ,cónglái  ,never,cónglái  never
他会 ,tāhuì  ,he will,tāhuì  he will
当时 ,dàngshí  ,at that time,dàngshí  at that time
出现 ,chūxiàn  ,appear ,chūxiàn  appear 
结婚 ,jiéhūn  ,marry ,jiéhūn  marry 
些 ,xiē  ,some ,xiē  some 
至少 ,zhìshǎo  ,at least ,zhìshǎo  at least 
还要 ,huányào  ,more,huányào  more
挺 ,tǐng  ,quite ,tǐng  quite 
成功 ,chénggōng  ,success ,chénggōng  success 
奇怪 ,qíguài  ,strangeness ,qíguài  strangeness 
虽然 ,suīrán  ,although ,suīrán  although 
忘 ,wàng  ,forget ,wàng  forget 
太好了 ,tàihǎole  ,very good ,tàihǎole  very good 
身上 ,shēnshang  ,body,shēnshang  body
或许 ,huòxǔ  ,maybe,huòxǔ  maybe
讲 ,jiǎng  ,speak ,jiǎng  speak 
你們 ,nǐmen  ,you ,nǐmen  you 
岁 ,suì  ,age ,suì  age 
有个 ,yǒugè  ,there is one,yǒugè  there is one
保证 ,bǎozhèng  ,ensure ,bǎozhèng  ensure 
外面 ,wàimiàn  ,outside ,wàimiàn  outside 
丈夫 ,zhàngfu  ,husband ,zhàngfu  husband 
连 ,lián  ,even ,lián  even 
国家 ,guójiā  ,nation ,guójiā  nation 
整个 ,zhěnggè  ,whole,zhěnggè  whole
特别 ,tèbié  ,special ,tèbié  special 
那种 ,nàzhǒng  ,that kind,nàzhǒng  that kind
不同 ,bùtóng  ,different ,bùtóng  different 
著 ,zhe  ,write ,zhe  write 
很快 ,hěnkuài  ,soon ,hěnkuài  soon 
变成 ,biànchéng  ,become,biànchéng  become
够 ,gòu  ,enough,gòu  enough
难道 ,nándào  ,could it be,nándào  could it be
学校 ,xuéxiào  ,school ,xuéxiào  school 
一件 ,yījiàn  ,one piece,yījiàn  one piece
样子 ,yàngzi  ,appearance,yàngzi  appearance
倒 ,dǎo  ,fall ,dǎo  fall 
电影 ,diànyǐng  ,movie ,diànyǐng  movie 
谈谈 ,tántán  ,talk,tántán  talk
危险 ,wēixiǎn  ,danger ,wēixiǎn  danger 
开心 ,kāixīn  ,happy ,kāixīn  happy 
别的 ,biéde  ,others,biéde  others
这件 ,zhèjiàn  ,this piece,zhèjiàn  this piece
才能 ,cáinéng  ,talent,cáinéng  talent
闭嘴 ,bìzuǐ  ,shut up ,bìzuǐ  shut up 
正 ,zhèng  ,just ,zhèng  just 
进行 ,jìnxíng  ,conduct ,jìnxíng  conduct 
照片 ,zhàopiàn  ,photo ,zhàopiàn  photo 
話 ,huà  ,talk ,huà  talk 
刚刚 ,gānggang  ,just ,gānggang  just 
而已 ,éryǐ  ,that's all,éryǐ  that's all
完成 ,wánchéng  ,finish ,wánchéng  finish 
誰 ,shéi  ,who ,shéi  who 
ﺎ ,ﺎ  ,ﺎ,ﺎ  ﺎ
方式 ,fāngshì  ,way ,fāngshì  way 
做到 ,zuòdào  ,do it,zuòdào  do it
爸 ,bà  ,dad ,bà  dad 
因為 ,yīnwèi  ,because ,yīnwèi  because 
声音 ,shēngyīn  ,sound ,shēngyīn  sound 
第一次 ,dìyīcì  ,first ,dìyīcì  first 
看来 ,kànlai  ,it seems,kànlai  it seems
只能 ,zhǐnéng  ,can only,zhǐnéng  can only
現在 ,xiànzài  ,now ,xiànzài  now 
太太 ,tàitai  ,mrs ,tàitai  mrs 
下去 ,xiàqù  ,go down,xiàqù  go down
绝对 ,juéduì  ,absolutely,juéduì  absolutely
处理 ,chǔlǐ  ,deal with ,chǔlǐ  deal with 
欢迎 ,huānyíng  ,welcome ,huānyíng  welcome 
眼睛 ,yǎnjīng  ,eye ,yǎnjīng  eye 
通过 ,tōngguò  ,pass ,tōngguò  pass 
行动 ,xíngdòng  ,action,xíngdòng  action
啥 ,shá  ,what ,shá  what 
感到 ,gǎndào  ,feel,gǎndào  feel
最近 ,zuìjìn  ,recently,zuìjìn  recently
聽 ,tīng  ,hear ,tīng  hear 
各位 ,gèwèi  ,everyone,gèwèi  everyone
这边 ,zhèbiān  ,this way,zhèbiān  this way
待 ,dài  ,treat ,dài  treat 
掉 ,diào  ,lose ,diào  lose 
不好意思 ,bùhǎoyìsi  ,excuse me ,bùhǎoyìsi  excuse me 
猜 ,cāi  ,guess ,cāi  guess 
使 ,shǐ  ,make ,shǐ  make 
作为 ,zuòwéi  ,as,zuòwéi  as
于 ,yú  ,at ,yú  at 
狗 ,gǒu  ,dog ,gǒu  dog 
容易 ,róngyì  ,easy ,róngyì  easy 
沒有 ,méiyǒu  ,no ,méiyǒu  no 
直到 ,zhídào  ,until ,zhídào  until 
求 ,qiú  ,beg ,qiú  beg 
比赛 ,bǐsài  ,contest ,bǐsài  contest 
像是 ,xiàngshì  ,like,xiàngshì  like
麽 ,me  ,what?,me  what?
從 ,cóng  ,from ,cóng  from 
拉 ,lā  ,pull ,lā  pull 
拍 ,pāi  ,shoot ,pāi  shoot 
更好 ,gēnghǎo  ,better,gēnghǎo  better
曾 ,zēng  ,ever ,zēng  ever 
有趣 ,yǒuqù  ,interesting ,yǒuqù  interesting 
就算 ,jiùsuàn  ,even if,jiùsuàn  even if
活着 ,huózhe  ,alive,huózhe  alive
不會 ,bùhuì  ,will not ,bùhuì  will not 
ﻟ ,ﻟ  ,ﻟ,ﻟ  ﻟ
努力 ,nǔlì  ,effort ,nǔlì  effort 
帮忙 ,bāngmáng  ,help,bāngmáng  help
留下 ,liúxià  ,leave ,liúxià  leave 
同意 ,tóngyì  ,agree ,tóngyì  agree 
参加 ,cānjiā  ,join ,cānjiā  join 
赢 ,yíng  ,win,yíng  win
死亡 ,sǐwáng  ,die ,sǐwáng  die 
每 ,měi  ,every ,měi  every 
上面 ,shàngmiàn  ,above ,shàngmiàn  above 
结果 ,jiéguǒ  ,result ,jiéguǒ  result 
消息 ,xiāoxi  ,information ,xiāoxi  information 
要求 ,yāoqiú  ,require ,yāoqiú  require 
理解 ,lǐjiě  ,understand ,lǐjiě  understand 
曾经 ,céngjīng  ,once ,céngjīng  once 
打开 ,dǎkāi  ,open ,dǎkāi  open 
收到 ,shōudào  ,receive ,shōudào  receive 
照顾 ,zhàogu  ,take care of ,zhàogu  take care of 
人类 ,rénlèi  ,human,rénlèi  human
主意 ,zhǔyi  ,idea,zhǔyi  idea
保持 ,bǎochí  ,keep ,bǎochí  keep 
成 ,chéng  ,become ,chéng  become 
杰克 ,jiékè  ,jack,jiékè  jack
存在 ,cúnzài  ,exist ,cúnzài  exist 
进 ,jìn  ,enter ,jìn  enter 
高 ,gāo  ,high ,gāo  high 
晚安 ,wǎnān  ,good night ,wǎnān  good night 
确实 ,quèshí  ,really ,quèshí  really 
全部 ,quánbù  ,all ,quánbù  all 
靠 ,kào  ,depend on ,kào  depend on 
呆 ,dāi  ,stay,dāi  stay
起 ,qǐ  ,rise ,qǐ  rise 
謝謝 ,xièxie  ,thank you ,xièxie  thank you 
讨厌 ,tǎoyàn  ,hate ,tǎoyàn  hate 
俩 ,liǎ  ,two,liǎ  two
硂 ,硂  ,炂,硂  炂
突然 ,tūrán  ,sudden ,tūrán  sudden 
多久 ,duōjiǔ  ,how long ,duōjiǔ  how long 
老婆 ,lǎopó  ,wife,lǎopó  wife
不再 ,bùzài  ,no more,bùzài  no more
任何人 ,rènhérén  ,anyone,rènhérén  anyone
开玩笑 ,kāiwánxiào  ,joke ,kāiwánxiào  joke 
放在 ,fàngzài  ,put on,fàngzài  put on
τ ,τ  ,τ,τ  τ
那個 ,nàgè  ,that,nàgè  that
进入 ,jìnrù  ,enter ,jìnrù  enter 
父母 ,fùmǔ  ,parents ,fùmǔ  parents 
总统 ,zǒngtǒng  ,president ,zǒngtǒng  president 
伤害 ,shānghài  ,harm ,shānghài  harm 
時候 ,shíhou  ,time,shíhou  time
回答 ,huídá  ,answer ,huídá  answer 
一位 ,yīwèi  ,one person,yīwèi  one person
三个 ,sānge  ,three,sānge  three
所有人 ,suǒyǒurén  ,everyone,suǒyǒurén  everyone
老师 ,lǎoshī  ,teacher ,lǎoshī  teacher 
早 ,zǎo  ,morning ,zǎo  morning 
除了 ,chúle  ,apart from ,chúle  apart from 
派 ,pài  ,group ,pài  group 
咱们 ,zánmen  ,we,zánmen  we
自由 ,zìyóu  ,free ,zìyóu  free 
可爱 ,kěài  ,cute ,kěài  cute 
日 ,rì  ,day ,rì  day 
抓住 ,zhuāzhù  ,catch ,zhuāzhù  catch 
路 ,lù  ,road ,lù  road 
谈 ,tán  ,talk,tán  talk
简单 ,jiǎndān  ,simple ,jiǎndān  simple 
身体 ,shēntǐ  ,body ,shēntǐ  body 
想法 ,xiǎngfǎ  ,idea ,xiǎngfǎ  idea 
早上 ,zǎoshang  ,morning ,zǎoshang  morning 
這麼 ,zhème  ,so,zhème  so
ﺍ ,ﺍ  ,ﺍ,ﺍ  ﺍ
能够 ,nénggòu  ,able,nénggòu  able
昨晚 ,zuówǎn  ,last night ,zuówǎn  last night 
哥哥 ,gēge  ,elder brother ,gēge  elder brother 
我爱你 ,wǒàinǐ  ,i love you ,wǒàinǐ  i love you 
跳 ,tiào  ,jump ,tiào  jump 
秘密 ,mìmì  ,secret ,mìmì  secret 
休息 ,xiūxi  ,rest ,xiūxi  rest 
战争 ,zhànzhēng  ,war,zhànzhēng  war
其中 ,qízhōng  ,in ,qízhōng  in 
内 ,nèi  ,inside ,nèi  inside 
医院 ,yīyuàn  ,hospital ,yīyuàn  hospital 
每天 ,měitiān  ,every day ,měitiān  every day 
之间 ,zhījiān  ,between,zhījiān  between
大概 ,dàgài  ,perhaps ,dàgài  perhaps 
控制 ,kòngzhì  ,control ,kòngzhì  control 
刚 ,gāng  ,just ,gāng  just 
小孩 ,xiǎohái  ,child ,xiǎohái  child 
带来 ,dàilái  ,bring,dàilái  bring
停止 ,tíngzhǐ  ,stop ,tíngzhǐ  stop 
因此 ,yīncǐ  ,therefore ,yīncǐ  therefore 
花 ,huā  ,flower ,huā  flower 
证明 ,zhèngmíng  ,prove ,zhèngmíng  prove 
约翰 ,yuēhàn  ,john,yuēhàn  john
飞机 ,fēijī  ,airplane ,fēijī  airplane 
替 ,tì  ,replace,tì  replace
解释 ,jiěshì  ,explain ,jiěshì  explain 
律师 ,lǜshī  ,lawyer ,lǜshī  lawyer 
终于 ,zhōngyú  ,finally ,zhōngyú  finally 
耶 ,yē  ,yeah ,yē  yeah 
翻译 ,fānyì  ,translate ,fānyì  translate 
调查 ,diàochá  ,investigation ,diàochá  investigation 
告訴 ,gàosu  ,tell,gàosu  tell
为何 ,wèihé  ,why,wèihé  why
留在 ,liúzài  ,stay,liúzài  stay
糟糕 ,zāogāo  ,oops ,zāogāo  oops 
任务 ,rènwu  ,task ,rènwu  task 
武器 ,wǔqì  ,weapons,wǔqì  weapons
家里 ,jiālǐ  ,at home,jiālǐ  at home
头 ,tóu  ,head ,tóu  head 
来自 ,láizì  ,from,láizì  from
小子 ,xiǎozi  ,boy,xiǎozi  boy
来到 ,láidào  ,come,láidào  come
解决 ,jiějué  ,solve ,jiějué  solve 
其他人 ,qítārén  ,others,qítārén  others
家人 ,jiārén  ,family ,jiārén  family 
坐下 ,zuòxia  ,sit down ,zuòxia  sit down 
怕 ,pà  ,afraid ,pà  afraid 
直接 ,zhíjiē  ,direct ,zhíjiē  direct 
办公室 ,bàngōngshì  ,office ,bàngōngshì  office 
停 ,tíng  ,stop ,tíng  stop 
放弃 ,fàngqì  ,give up ,fàngqì  give up 
鬼 ,guǐ  ,ghost ,guǐ  ghost 
別 ,bié  ,don't,bié  don't
加油 ,jiāyóu  ,come on ,jiāyóu  come on 
方法 ,fāngfǎ  ,method ,fāngfǎ  method 
游戏 ,yóuxì  ,game ,yóuxì  game 
即使 ,jíshǐ  ,even though ,jíshǐ  even though 
本 ,běn  ,book ,běn  book 
年轻 ,niánqīng  ,young ,niánqīng  young 
大人 ,dàrén  ,grown ups ,dàrén  grown ups 
使用 ,shǐyòng  ,use ,shǐyòng  use 
卖 ,mài  ,sell ​​,mài  sell ​​
老板 ,lǎobǎn  ,boss ,lǎobǎn  boss 
水 ,shuǐ  ,water ,shuǐ  water 
想想 ,xiǎngxiang  ,think about it,xiǎngxiang  think about it
坐在 ,zuòzài  ,sit,zuòzài  sit
目标 ,mùbiāo  ,target ,mùbiāo  target 
变得 ,biànde  ,become,biànde  become
可怕 ,kěpà  ,horrible ,kěpà  horrible 
拿到 ,nádào  ,get,nádào  get
考虑 ,kǎolǜ  ,consider ,kǎolǜ  consider 
个人 ,gèrén  ,personal ,gèrén  personal 
开枪 ,kāiqiāng  ,shoot,kāiqiāng  shoot
哭 ,kū  ,cry ,kū  cry 
睡觉 ,shuìjiào  ,sleep ,shuìjiào  sleep 
請 ,qǐng  ,please ,qǐng  please 
分钟 ,fēnzhōng  ,minute ,fēnzhōng  minute 
想到 ,xiǎngdào  ,think of,xiǎngdào  think of
等待 ,děngdài  ,wait ,děngdài  wait 
音乐 ,yīnyuè  ,music ,yīnyuè  music 
再说 ,zàishuō  ,say it again,zàishuō  say it again
聪明 ,cōngming  ,clever ,cōngming  clever 
姑娘 ,gūniang  ,girl,gūniang  girl
地球 ,dìqiú  ,earth ,dìqiú  earth 
感谢 ,gǎnxiè  ,grateful ,gǎnxiè  grateful 
命令 ,mìnglìng  ,order ,mìnglìng  order 
阻止 ,zǔzhǐ  ,prevent ,zǔzhǐ  prevent 
一只 ,yīzhī  ,one,yīzhī  one
消失 ,xiāoshī  ,disappear ,xiāoshī  disappear 
喜歡 ,xǐhuan  ,like ,xǐhuan  like 
心 ,xīn  ,heart ,xīn  heart 
第 ,dì  ,no.,dì  no.
冷静 ,lěngjìng  ,calm ,lěngjìng  calm 
似乎 ,sìhū  ,it seems,sìhū  it seems
联系 ,liánxì  ,connect ,liánxì  connect 
家庭 ,jiātíng  ,family ,jiātíng  family 
痛苦 ,tòngkǔ  ,pain ,tòngkǔ  pain 
城市 ,chéngshì  ,city ,chéngshì  city 
力量 ,lìliang  ,strength ,lìliang  strength 
对于 ,duìyú  ,for,duìyú  for
未来 ,wèilái  ,future ,wèilái  future 
男孩 ,nánhái  ,boy ,nánhái  boy 
三 ,sān  ,three ,sān  three 
博士 ,bóshì  ,phd ,bóshì  phd 
姐姐 ,jiějie  ,elder sister ,jiějie  elder sister 
疯狂 ,fēngkuáng  ,crazy ,fēngkuáng  crazy 
报告 ,bàogào  ,report ,bàogào  report 
放下 ,fàngxià  ,lay down ,fàngxià  lay down 
昨天 ,zuótiān  ,yesterday ,zuótiān  yesterday 
那天 ,nàtiān  ,that day,nàtiān  that day
還有 ,háiyǒu  ,and ,háiyǒu  and 
完美 ,wánměi  ,perfect ,wánměi  perfect 
答应 ,dāying  ,promise ,dāying  promise 
证据 ,zhèngjù  ,evidence ,zhèngjù  evidence 
本来 ,běnlái  ,originally,běnlái  originally
负责 ,fùzé  ,responsible ,fùzé  responsible 
检查 ,jiǎnchá  ,examine ,jiǎnchá  examine 
見 ,jiàn  ,see,jiàn  see
已經 ,yǐjīng  ,already ,yǐjīng  already 
一条 ,yītiáo  ,one piece,yītiáo  one piece
厉害 ,lìhai  ,sharp ,lìhai  sharp 
拥有 ,yōngyǒu  ,own,yōngyǒu  own
正常 ,zhèngcháng  ,normal ,zhèngcháng  normal 
并且 ,bìngqiě  ,and,bìngqiě  and
否则 ,fǒuzé  ,otherwise,fǒuzé  otherwise
該 ,gāi  ,the,gāi  the
以及 ,yǐjí  ,as well as ,yǐjí  as well as 
重新 ,chóngxīn  ,again ,chóngxīn  again 
忘记 ,wàngjì  ,forget ,wàngjì  forget 
这位 ,zhèwèi  ,this one,zhèwèi  this one
研究 ,yánjiū  ,research ,yánjiū  research 
附近 ,fùjìn  ,nearby ,fùjìn  nearby 
不然 ,bùrán  ,otherwise ,bùrán  otherwise 
太棒了 ,tàibàngle  ,marvelous ,tàibàngle  marvelous 
很棒 ,hěnbàng  ,great ,hěnbàng  great 
方正 ,fāngzhèng  ,founder,fāngzhèng  founder
字幕 ,zìmù  ,subtitle ,zìmù  subtitle 
脸 ,liǎn  ,face ,liǎn  face 
者 ,zhě  ,who,zhě  who
加入 ,jiārù  ,join in ,jiārù  join in 
於 ,yú  ,at,yú  at
唱 ,chàng  ,sing ,chàng  sing 
反正 ,fǎnzhèng  ,anyway,fǎnzhèng  anyway
不该 ,bùgāi  ,shouldn't,bùgāi  shouldn't
政府 ,zhèngfǔ  ,government ,zhèngfǔ  government 
快乐 ,kuàilè  ,hapiness ,kuàilè  hapiness 
身边 ,shēnbiān  ,around,shēnbiān  around
遇到 ,yùdào  ,meet ,yùdào  meet 
這裡 ,zhèlǐ  ,here,zhèlǐ  here
伟大 ,wěidà  ,great,wěidà  great
咖啡 ,kāfēi  ,coffee ,kāfēi  coffee 
接 ,jiē  ,catch ,jiē  catch 
仍然 ,réngrán  ,still ,réngrán  still 
门 ,mén  ,door ,mén  door 
开车 ,kāichē  ,drive ,kāichē  drive 
代表 ,dàibiǎo  ,represent ,dàibiǎo  represent 
陪 ,péi  ,accompany ,péi  accompany 
若 ,ruò  ,like ,ruò  like 
尸体 ,shītǐ  ,corpse,shītǐ  corpse
比较 ,bǐjiào  ,compare ,bǐjiào  compare 
一年 ,yīnián  ,one year,yīnián  one year
紧张 ,jǐnzhāng  ,nervous ,jǐnzhāng  nervous 
监狱 ,jiānyù  ,prison ,jiānyù  prison 
位置 ,wèizhi  ,location ,wèizhi  location 
随便 ,suíbiàn  ,casual ,suíbiàn  casual 
偷 ,tōu  ,steal ,tōu  steal 
安排 ,ānpái  ,arrange ,ānpái  arrange 
錢 ,qián  ,money ,qián  money 
表演 ,biǎoyǎn  ,performance ,biǎoyǎn  performance 
从没 ,cóngméi  ,never,cóngméi  never
除非 ,chúfēi  ,unless ,chúfēi  unless 
屁股 ,pìgu  ,ass,pìgu  ass
這些 ,zhèxiē  ,these,zhèxiē  these
酒 ,jiǔ  ,liquor ,jiǔ  liquor 
恩 ,ēn  ,kindness ,ēn  kindness 
老兄 ,lǎoxiōng  ,dude,lǎoxiōng  dude
支持 ,zhīchí  ,support ,zhīchí  support 
必要 ,bìyào  ,necessary,bìyào  necessary
人生 ,rénshēng  ,life ,rénshēng  life 
正确 ,zhèngquè  ,correct ,zhèngquè  correct 
跟着 ,gēnzhe  ,follow,gēnzhe  follow
杀死 ,shāsǐ  ,kill,shāsǐ  kill
交给 ,jiāogěi  ,hand over,jiāogěi  hand over
叔叔 ,shūshu  ,uncle ,shūshu  uncle 
還是 ,háishi  ,still,háishi  still
食物 ,shíwù  ,food ,shíwù  food 
事实 ,shìshí  ,facts,shìshí  facts
简直 ,jiǎnzhí  ,simply,jiǎnzhí  simply
安静 ,ānjìng  ,quiet ,ānjìng  quiet 
离 ,lí  ,leave ,lí  leave 
一场 ,yīcháng  ,one game,yīcháng  one game
妹妹 ,mèimei  ,younger sister ,mèimei  younger sister 
斯 ,sī  ,sri lanka,sī  sri lanka
美丽 ,měilì  ,beauty ,měilì  beauty 
再次 ,zàicì  ,again ,zàicì  again 
案子 ,ànzi  ,case,ànzi  case
下面 ,xiàmiàn  ,under ,xiàmiàn  under 
不够 ,bùgòu  ,not enough,bùgòu  not enough
哈 ,hā  ,ha ,hā  ha 
可怜 ,kělián  ,pitiful ,kělián  pitiful 
教 ,jiào  ,teach ,jiào  teach 
殺 ,shā  ,kill,shā  kill
首先 ,shǒuxiān  ,first ,shǒuxiān  first 
另外 ,lìngwài  ,in addition ,lìngwài  in addition 
提供 ,tígōng  ,supply ,tígōng  supply 
记住 ,jìzhu  ,remember,jìzhu  remember
听见 ,tīngjiàn  ,hear,tīngjiàn  hear
信 ,xìn  ,letter ,xìn  letter 
国王 ,guówáng  ,king,guówáng  king
面前 ,miànqián  ,in front of,miànqián  in front of
几乎 ,jīhū  ,almost,jīhū  almost
日子 ,rìzi  ,days,rìzi  days
那麼 ,nàme  ,then,nàme  then
舒服 ,shūfu  ,comfortable ,shūfu  comfortable 
原来 ,yuánlái  ,turn out to be ,yuánlái  turn out to be 
再也 ,zàiyě  ,never again,zàiyě  never again
操 ,cāo  ,hold ,cāo  hold 
纽约 ,niǔyuē  ,new york ,niǔyuē  new york 
早就 ,zǎojiù  ,long ago,zǎojiù  long ago
逼 ,bī  ,force,bī  force
有关 ,yǒuguān  ,related to,yǒuguān  related to
放开 ,fàngkāi  ,let go,fàngkāi  let go
信息 ,xìnxī  ,information ,xìnxī  information 
星期 ,xīngqī  ,week ,xīngqī  week 
不得不 ,bùdébù  ,have to,bùdébù  have to
发誓 ,fāshì  ,swear,fāshì  swear
钥匙 ,yàoshi  ,key ,yàoshi  key 
错误 ,cuòwù  ,mistake ,cuòwù  mistake 
放松 ,fàngsōng  ,relax ,fàngsōng  relax 
约会 ,yuēhuì  ,dating ,yuēhuì  dating 
船 ,chuán  ,boat ,chuán  boat 
打扰 ,dǎrǎo  ,disturb ,dǎrǎo  disturb 
女 ,nǚ  ,female ,nǚ  female 
手机 ,shǒujī  ,cell phone ,shǒujī  cell phone 
二 ,èr  ,two ,èr  two 
很大 ,hěndà  ,very big,hěndà  very big
到处 ,dàochù  ,everywhere,dàochù  everywhere
攻击 ,gōngjī  ,attack,gōngjī  attack
一份 ,yífèn  ,one serving,yífèn  one serving
第一 ,dìyī  ,first ,dìyī  first 
建议 ,jiànyì  ,suggestion ,jiànyì  suggestion 
日本 ,rìběn  ,japan,rìběn  japan
理由 ,lǐyóu  ,reason,lǐyóu  reason
事实上 ,shìshíshàng  ,in fact,shìshíshàng  in fact
一樣 ,yīyàng  ,same ,yīyàng  same 
阿 ,ā  ,a,ā  a
跳舞 ,tiàowǔ  ,dance ,tiàowǔ  dance 
生气 ,shēngqì  ,angry ,shēngqì  angry 
久 ,jiǔ  ,long ,jiǔ  long 
试试 ,shìshi  ,try,shìshi  try
信任 ,xìnrèn  ,trust ,xìnrèn  trust 
此 ,cǐ  ,this ,cǐ  this 
看过 ,kànguò  ,saw it,kànguò  saw it
差不多 ,chàbuduō  ,almost ,chàbuduō  almost 
原谅 ,yuánliàng  ,forgive ,yuánliàng  forgive 
神 ,shén  ,god ,shén  god 
经常 ,jīngcháng  ,often ,jīngcháng  often 
的确 ,díquè  ,indeed ,díquè  indeed 
ㄓ ,ㄓ  ,ㄓ,ㄓ  ㄓ
之一 ,zhīyī  ,one of,zhīyī  one of
幸福 ,xìngfú  ,happiness ,xìngfú  happiness 
哎 ,āi  ,why ,āi  why 
便 ,biàn  ,convenient,biàn  convenient
马 ,mǎ  ,horse ,mǎ  horse 
算 ,suàn  ,calculate ,suàn  calculate 
吃饭 ,chīfàn  ,have a meal ,chīfàn  have a meal 
璶 ,璶  ,jade,璶  jade
正是 ,zhèngshì  ,exactly,zhèngshì  exactly
不必 ,bùbì  ,no need,bùbì  no need
最大 ,zuìdà  ,maximum,zuìdà  maximum
幸运 ,xìngyùn  ,lucky ,xìngyùn  lucky 
丢 ,diū  ,leave ,diū  leave 
我家 ,wǒjiā  ,my home,wǒjiā  my home
問題 ,wèntí  ,problem ,wèntí  problem 
长 ,cháng  ,long ,cháng  long 
東西 ,dōngxi  ,something,dōngxi  something
住手 ,zhùshǒu  ,stop,zhùshǒu  stop
动物 ,dòngwù  ,animal ,dòngwù  animal 
弟弟 ,dìdi  ,younger brother ,dìdi  younger brother 
道歉 ,dàoqiàn  ,apologize ,dàoqiàn  apologize 
严重 ,yánzhòng  ,serious ,yánzhòng  serious 
人家 ,rénjiā  ,people,rénjiā  people
坚持 ,jiānchí  ,persist in ,jiānchí  persist in 
想象 ,xiǎngxiàng  ,imagine,xiǎngxiàng  imagine
按 ,àn  ,according to ,àn  according to 
礼物 ,lǐwù  ,gift ,lǐwù  gift 
每次 ,měicì  ,every time ,měicì  every time 
将军 ,jiāngjūn  ,general,jiāngjūn  general
剩下 ,shèngxià  ,remain ,shèngxià  remain 
有事 ,yǒushì  ,something happened,yǒushì  something happened
老爸 ,lǎobà  ,dad,lǎobà  dad
幫 ,bāng  ,help,bāng  help
系统 ,xìtǒng  ,system ,xìtǒng  system 
全都 ,quándōu  ,all,quándōu  all
组织 ,zǔzhī  ,organize ,zǔzhī  organize 
我會 ,wǒhuì  ,i will,wǒhuì  i will
敌人 ,dírén  ,enemy ,dírén  enemy 
看上去 ,kànshangqu  ,it seems,kànshangqu  it seems
應該 ,yīnggāi  ,should ,yīnggāi  should 
老天 ,lǎotiān  ,god,lǎotiān  god
ê ,ê  ,ê,ê  ê
认真 ,rènzhēn  ,serious ,rènzhēn  serious 
分 ,fēn  ,point ,fēn  point 
书 ,shū  ,book ,shū  book 
往 ,wǎng  ,past ,wǎng  past 
关心 ,guānxīn  ,care ,guānxīn  care 
坏 ,huài  ,bad ,huài  bad 
骗 ,piàn  ,cheat ,piàn  cheat 
中国 ,zhōngguó  ,china ,zhōngguó  china 
生意 ,shēngyi  ,business ,shēngyi  business 
上去 ,shàngqu  ,go up,shàngqu  go up
值得 ,zhíde  ,worth ,zhíde  worth 
搞定 ,gǎodìng  ,done,gǎodìng  done
寻找 ,xúnzhǎo  ,looking for,xúnzhǎo  looking for
派对 ,pàiduì  ,party,pàiduì  party
许多 ,xǔduō  ,many ,xǔduō  many 
学生 ,xuésheng  ,student ,xuésheng  student 
查理 ,chálǐ  ,charlie,chálǐ  charlie
下次 ,xiàcì  ,next time ,xiàcì  next time 
通知 ,tōngzhī  ,notify ,tōngzhī  notify 
救命 ,jiùmìng  ,help ,jiùmìng  help 
表现 ,biǎoxiàn  ,performance ,biǎoxiàn  performance 
利用 ,lìyòng  ,take advantage of,lìyòng  take advantage of
受伤 ,shòushāng  ,injuried ,shòushāng  injuried 
后来 ,hòulái  ,later,hòulái  later
早上好 ,zǎoshanghǎo  ,good morning ,zǎoshanghǎo  good morning 
精神 ,jīngshén  ,spirit ,jīngshén  spirit 
居然 ,jūrán  ,actually,jūrán  actually
受到 ,shòudào  ,receive,shòudào  receive
大学 ,dàxué  ,university ,dàxué  university 
那时 ,nàshí  ,at that time,nàshí  at that time
既然 ,jìrán  ,now that ,jìrán  now that 
几天 ,jǐtiān  ,few days,jǐtiān  few days
有时 ,yǒushí  ,sometimes,yǒushí  sometimes
米 ,mǐ  ,rice ,mǐ  rice 
总 ,zǒng  ,total ,zǒng  total 
一张 ,yīzhāng  ,one piece,yīzhāng  one piece
第一个 ,dìyīgè  ,first one,dìyīgè  first one
真相 ,zhēnxiàng  ,the truth ,zhēnxiàng  the truth 
恨 ,hèn  ,hatred ,hèn  hatred 
卡 ,kǎ  ,card ,kǎ  card 
不知 ,bùzhī  ,don't know,bùzhī  don't know
远 ,yuǎn  ,far ,yuǎn  far 
警官 ,jǐngguān  ,police officer,jǐngguān  police officer
属于 ,shǔyú  ,belong to,shǔyú  belong to
什 ,shí  ,varied ,shí  varied 
い ,い  ,い,い  い
可不是 ,kěbushì  ,no,kěbushì  no
怪 ,guài  ,strange ,guài  strange 
一名 ,yīmíng  ,one,yīmíng  one
怀疑 ,huáiyí  ,suspect ,huáiyí  suspect 
笨蛋 ,bèndàn  ,fool ,bèndàn  fool 
战斗 ,zhàndòu  ,fight,zhàndòu  fight
承认 ,chéngrèn  ,admit ,chéngrèn  admit 
馬 ,mǎ  ,horse ,mǎ  horse 
法律 ,fǎlǜ  ,law ,fǎlǜ  law 
别说 ,biéshuō  ,don't say,biéshuō  don't say
简体 ,jiǎntǐ  ,simplified,jiǎntǐ  simplified
记录 ,jìlù  ,record ,jìlù  record 
